text,offensive
 Entao e da lojinha da anta,1
Entupiu de gols as redes do Cocoxa o mais rebaixado CoritiBIBAS CoritiBICHASCocouto   Porqueira,1
ja temos umseu abestado,1
Paulo extirpado vai seu C U,1
E tem mulher que se deita com issoate o Todo Feio tem uma filha lindaso nao sei se e dele,1
Ta com mais moral que o presidento dos coxinhas kkkkkkkkkkkkkkk,1
Inveja de uma bosta dessa que vai voltar pro lugar dele segundona,1
Essa corrupta terrorista apresenta uma ameaca ao honesto povo Uruguaio,1
O que a velha tem na mao   ops desculpa   tem no casco  ,1
Alexandre Acioni vai estudar pra saber o que e comunista Essas medidas do Temer sao pior que comunismo voce e mais um pobre metido a besta que fica repetindo mazelas igual a um papagaio de repeticao,1
Faltou choque nesse velho hipocrita,1
O MOLUSCO VAI ACHAR A CADEIA SUPERLOTADA E PRA NAO DAR NA PINTA ELA COMECOU A VISITAR OUTRAS ANTES,1
o moro vai sentir o peru do aecio entrarkkkk,1
esse da  Re do Quiibii kkkkk,1
E isso  ai Rafael aqui esta  cheio de analfabeto querendo dar pitaco,1
Vai te lascar miquinho amestrado,1
AdiANALdo  A prega no final continua firme e forte ,1
E vc e um idiotao,1
ela esta fazendo isso para aparecer Nao e gay coisa nenhuma E uma vergonha isso sim,1
KKKKKKKK COM UNS CARAS DESSES QUEM QUER JOGAR NO FUDINENSE ,1
Melhor que Todo Feio mas no presidio vao dar outro apelido pra ele Ruim de Bokket,1
MARIAS NO CIO SOU LOUCO POR MARIAS,1
Tambem com um nome feio desse Heraclito boca mole virou elogio pra esse ladrao kkkkkkkkkk,1
Lizzie come bosta,1
Isso NUNCA foi dito miseravel idiota,1
teu c,1
Tinha que ser baianoputz que povinho,1
Demente total ,1
Debil mental ,1
Ruy vc acreditava no Japa da Federal tb ne Jumento,1
Cala essa boca jumento,1
Enquanto issoO Palmerda bi rebaixado continua sem mundial Kkkkkkkkkkkkkkkkkkkkkkkkkkkkk,1
IDOLO DO FUDINENSE E SERIE B TEVE QUE ENTRAR NA JUSTICAO PRA NAO CAIR,1
Comedor de Trakinas,1
So falta essa Judia carcamana ficar com do Leve pra sua casa no lago sul,1
Esse BOFE do Joao Paulo alem de ser LINDO deve ter um PAUlo MARAVILHOSO Noizinhas do MENGAO amamos SRNSomos Rabudas Negao  dcm DIAMETRO CRFCheirinho R Fedida,1
Vai lavar louca dona,1
So abestalhados fazem essa prova imunda rsrsPor isso que voces sempre serao os nossos escravos ,1
ninguem se importa com vc nem sua mae seu nada,1
o teucuquente porem continua dando adoidado,1
ohhh doe um dos burros encantado pelo ladrao,1
IDIOTA APARELHADO,1
O unico argumento que esse bosta tenta ter e de freguesiaai eu falo que freguesia kkkkkkkkkk os constantes rebaixamentos deixaram esses torcedores do vasquinho debiloides kkkkkkkkkkkkkkk,1
Tanto coxinhas quanto mortadelas SAO PAMONHAS,1
PRIMEIRO VAI APRENDER A ESCREVER IGNORANTE,1
estao melando as calcinhas as tricoflorzinhas,1
a zika mosquita estocadora de vento tambem esta de mudanca pro Uruguai vai ser vizinha do molusco,1
Quantas horas de vassoura de Porto Alegre ate Montevideo,1
burro,1
PEC  DA  VIDAAAA    VIDA LIVRE  DE  MAMATA   ESQUERDALHAAAAAA  kkkkkkkkkk,1
Meigos eles sao mas cheiroso nao Fedem a Urubu,1
Aluisio tu es um verdadeiro idiota,1
G CANALHAS E OS COMENTARIOSENFIA LA,1
cala a boca truta xincheiro,1
As Florzinhas ficaram chateadas KKKKKKKKKKKKKKKKKKKKKKKK,1
LIXO DO CRL,1
O cara joga muito mas transa com o bum bum ,1
Boisonso voce esta errando no uso das virgulas,1
O cara vai chupar uma piroca  vai,1
La vem mais um afeminado Peta invadir comentario alheio Uiiiiiiii nojentaaaa,1
Concordo com o Carlos Isso aqui e lavagem cerebral pra asnos,1
SUA BATATA JA ESQUENTOU SEU BEBADO E LADRAO DO POVOCADEIA NELES DRSERGIO MORO ,1
vc e bi da b sem mundial tanbem kkk,1
Sera que ela se hospedou na mansao do  dedos em punta Del este,1
Raca de filhos duma pta Por que nao vao obstruir aquele gordinho ditador da coreia do Norte,1
ACHO QUE O AECIO NAO TELEFONOU PARA O JUIZECO HOJE TA DANDO PITI DE SAUDADES KKKKK,1
gracas a idiota Levandowhisky,1
Tem que cuidar para que esta bandida nao venda infirmacoes sensiveis do Brasil,1
outro asno que nao sabe nada esse artur,1
Joao retardado presta atencao na gangue que esta tomando o Brasil de assalto ,1
Romulo come bosta,1
DE GRANDE FLAMENGAYSTA SO GOSTA MESMO E DA TORCIDA AS RUBRONECAS NEM SE IMPORTA SE E TORCIDA PARA A ESQUERDA OU PARA DIREITA MAS TEM QUE SER GRANDE,1
Voces sao idiotas ou se fazem Voces sabem que ele e do executivo e quer que interfira nos outros poderes Esses salarios sao vinculados a texto constitucional se informem mais nao que ele seja santo mas pra nao passarem vergonha de falar coisa que nao sabem,1
Rosanabandida esquerdista e fedorenta,1
Aproveita e deixa essa capivara por ai,1
Mortadelas nunca entendem nadaKKK,1
Reforma estrutural no seu rbbono meu nao,1
esse ai gosta de um charuto de mortadela no meio das pernas,1
ESTA ANTA  QUE ESTA AI AGORA SO FAZ CADA UM DE NOS SOFRER ENQUANTO  SE BANQUETEIA COM OS NOSSOS SALARIOS VAI EMBORA  E LEVA SEUS AMIGOS ANTASGOLPISTAS E SAFADOS COM VOCE,1
Vagabundo,1
Olha ai um esquerdopata cmedor de alfafa me negativou  ,1
Mulher grossa estupida e ignorante ,1
ta nadando em dinheiro entao chamar de boca mole e o que menos importa e um ratao do banhado,1
ALEM DE TUDO E DEBOCHADO ESSA COISA  BOCA DE GELEIA,1
Bruno nao e Kou e assimVa tomar no seu Gu,1
Alexandre esta maluco so pode comeu titica quando crianca,1
Enfia no rab o da sua mae,1
Ragnar e nome de travesti da Escandinavia,1
Querendo se aparecer porq nao vai visitar as vitimas desses estrumes  Lamentavel ,1
Cola velcro perdeu o meu respeito,1
Eu quero ver o Abel brucututreinando esse time de bonequinhasnao vai da certo ,1
IDIOTA,1
Maria detected Vai BeijarumsacoW,1
Vai roubar a neve tambem,1
E muita idiotice pra um cara so kkkkkkkkkkkkkk,1
Marcio nao sou seu irmao nao Nao tenho irmao baitola,1
Martin Sales deixa de ser idiot  agora ninguem pode discordar do temer que e mortadela so nesse pais mesmo que pobre metido a besta defende a direita,1
maria vai lavar uma louca que voce ganha mais ,1
Tudo que os petralhas tocaram faliu Inclusive a paciencia do povo,1
Agora eu vi a capacidade do ser humano de ser TROXA,1
Ricardo a sua desculpinha e de va  ga  bun  do Uma coisa nao anula a outra,1
Mauro e dementekkkkkkquem ta lutando por poder sao voces apoiando bandidos no poder,1
Espera essa neve derreter e usa ela pra lavar louca,1
Vai chupar uma banana bixo histerico,1
Bandido tem mais e que peidar pra Muzenga mesmo Resolvam esse problema de superlotacao fazendo pelo menos  Carandiru por dia Simples ,1
Idiota,1
Alem de burro e analfabeto,1
Boca de buxeta,1
ADVOGADO DE BANDIDO E BANDIDO IGUAL E TEM QUE SER EXTERMINADO,1
Cheiro de coco aqui,1
Morra ,1
nossa traz mais uma ai pra nos beber gostei da  do Parmerda neleskkkkkkkkk,1
A progenitora dessa fezes esqueceu de dar descarga quando largou dentro do sanitario Obs ela nao usa calcinha,1
Sivil  Vai estudar seu ignorante,1
Doeu o buraco do peta,1
UM ES CRO TO DESSES E VERME MESMO,1
Quer vida facilva rodar bolsinha na AvAtlantica ou na Vieira Souto Joao,1
Que tipo de idiota abestado e voce ,1
Pq o Morosita recebe ordens externas A ordem nao chegou ainda,1
Pior que acho que nao so a boca que e mole Mais feio que este so o Cervero,1
BURRO ASNO TOPEIRA,1
A policia civil do RJ por exemplo nao tem nem privada pra kaggar e essa capivara ta preocupada com bandido ,1
OS LARAPIOS ESTAO SE REAGRUPANDO TEM QUE PRENDER LOGO OS CHEFES NAO SEI PORQUE A DEMORA,1
Entrou no seu fedidinho Junior  Esse ui e proprio da sua gayzisse,1
MENOS UM MAS TEM QUE QUEIMAR LOGO O CORPO DELE ANTES DE CHEGAR NA PORTA DO NEM SEI E POLITICO MESMO  DO INFERNO,1
Sera que o rato vai se ofender se eu fizer uma comparacao com este monte de bosta falante,1
Seu idiota Flamengo nao vai pagar o salario do Conca integramente e ele  vai receber  so quando comecar a jogar fala besteiras nao,1
Bianca Essas Ronaldetes me dao nojo raca nojenta,1
Ja nao basta um Senador cagar para uma decisao do STF agora um advogado batendo de frente com um Juiz kkkkk Brasil um pais de inversao de valores,1
Ezequiel Lugar de mulher e aonde ela bem entender se doeu toda pq falou VERDADES sobre o seu idoIozinho  MACHlSTA GAY chora nao,1
Viadage total isso ai,1
Vai pagar muito boq na cadeia para outros presos com essa boca de buc inchada,1
MIERDAS,1
Infelizmente tudo q nao presta nesse pais da ibope essa anta e prova viva disso,1
marcos nao precisa ser guerra fria FRIA e onde essse degoverruPTo nos jogou  VERMESLHOS FORA,1
E O PIAUI QUERENDO ASSUSTAR O MUNDO COM ESTA FIGURA OU SO NASCE GENTE FEIA LA,1
aprende a escrever cavalo ,1
E so ver o numero de dislike de seu coment inutil e ver que nao tem tanta moral assimPalhaco ,1
Ele chamava pra atras da escola e sentava nos garotos kkkk,1
Ve se nao volta nunca mais e mora na fazenda do molusco,1
Esse juizeco do Moro e  um canalha,1
NAO ESTAO NAO SENAO RECRUTARIAM A TUA MAE SEU VERME,1
Porque nao morre desgraca,1
Porque que essa VAGAzBUNDA FILzHA DA PUzTA nao vai DAzR O CzU PRO CAPzETA,1
Sabe onde esta o dedo que falta Socado na sua mae kkkkkk,1
E os vermes do psdb Aaaa isso nao vem ao caso  ,1
Sua mae nao reclama Joaozinho,1
Vc come bosta pra falar uma asneira dessa,1
Vai lavar panela sua vaca,1
Acaba de comprovar a burrice que lhe imputava,1
Diz pra esse povo parar de ficar dando chilique e tomar vergonha  na cara Que palhacada e essa,1
os cariocas tem o que merecem um pessoal que so sabem toma banho de sol e pratica a violencia e nao deu outra de onde se tira e nao coloca um dia acaba,1
IDIOTA APARELHADO,1
Essa velha deve ter grana la O pedecana ganhou casa la de um empresario do RGS,1
Essa idiota nao tem o que fazer,1
GUILHERME SEU IDIOTA,1
Esse boca mole tem cara de saco murcho,1
Menor fica minha piroka quanto mais da metade ja ta dentro docusso da sua mae,1
Seus baitola vem fazer na mao vou dar um Murro certeiro nessa tua cara feia da porrrra,1
E a direita quer o monopolio do cinismo fingindo que sao probos quando sao tao ou mais ladroes,1
Triste ve Vizeu no banco enquanto esse bosta do Lerdeiro titular Os numeros nao mentem sem ele o Flamengo e Mengao com ele menguinho,1
Guy Gay boiola e tu e teu pai,1
sente o cheirinho do meu peido kkkkkkkkkkkkkkkkkkkkkkkk ,1
A anta foi pro Uruguay  pra elaborar seu plano de fuga junto aos seus comparsas e aliados,1
seu nome ja disse tudo e um maria mesmo,1
Flamerdas voces tem estadio  Entao nao tem PINICO proprio kkkkkkkkkkkkkkkkkkkk,1
Vagabunda,1
SRN Sou a R A B U D A do Negao,1
Mauro ze ruelaa falta de argumento e tao grande quanto a propina que ta recebendo para apoiar bandidos,1
Sao todos malditos Espero que morram logo e sofrendo,1
Inversao de valores ao inves dessa velha visitar hospitais asilos orfanatos visita presidios vai tomar no ,1
Boca de cloaca,1
ReNew nino vc leu a peca   ou e mais um esquerdopata maionete vai com as outras ,1
Assinado Molambo iludido KKKK Sv,1
MARIA VISTA AQUELE BIQUINI QUE HOJE VOU LHE USAR PRINCESA,1
time bosta cai gigante nunca kkkk,1
ONU  KKKKKKKK ONU e bosta e a mesma coisa seu anta,1
Jkkkkkkkkkbosta de clubenao tem dinheiro pra contratar pra comprar camisa mas tem Estadiokkkkkkkkkvice eternopiada do Brasil Segunda eu volto,1
Parece mesmo com um sapo boi,1
Ela e autoridade maxima do Judiciario nao e ministra da saude Vao se informar seus zes ruelas,1
A corja que apoia o golpe so fala merda,1
Essa anta incompetenta  ainda esta solta,1
da vontade de por um aipim no rbbbbbbb,1
so digo outra coisa  fdss,1
Temer ta bem pra caramba ne  Trouxinha,1
Prefiro ver o Lula morto,1
e um monte de bosta mesmo no minimo e do norte ou nordeste que trabalhar que e bom nao trabalha vive do bolsa familia por isso vai votar no luladrao,1
pensem numa MORTADELA maconheira chata ,1
Ei framengo vai ter que se contentar com o cheirinho de bosta do piscinao de ramos kkkkkkk  essa taca nao e pro seu nariz kkkkkk ,1
alo sua vai botar ovos suas fracast ,1
Quando ele abusar sua mae  Retardado,1
Quena o Tirso esta sentindo muita falta do charuto de mertadela tadinho aceita que doi menos,1
As rosquinhas das tricoletes estao ardendo por causa do Conca Pode   ,1
Felizmente extirpamos o ProjeTo defoder o povo dos clePTorruPTo,1
O Foguinho tem a Conmebosta kkkkk,1
Viadage master essa de vcs kkkkkk,1
adoooooooooooro cala boca fela da p,1
Ela foi la para a limpesa semanal na casa onde o mula vai ficar escondido,1
Ele vai  sentir o peru entrar,1
vadio esse walter,1
Eternos alienados e analfabetos PeTralhas,1
Rosangela voce nao tem nivel nem para comentar um assunto deste E uma coitada,1
P I R A N H A,1
Errou Sou gaucho e tenho marido,1
kkkkkkkkkkkkk Que idiota,1
Esse asno ainda tem meu nome ta de sacanagem,1
Aonde a vaca vai o boi vai atrasTa apaixonado,1
Bruno cria um cerebro e pensa,1
Votaram no PEZAO Agora tomem no CZAO,1
A FMI nao manda nas economia mundiais Que vao a mer rda,1
MarcosVc nao cansa de ser estupido SabeAte para ser mau carater tem limites Vcs foram varridos por serem incompetentes corruptos e genocidas canalhs,1
Junior no nome e marmota nas atitudes Ooooooo sujeitando tapado,1
Boca de sapo,1
Em resumo deve ser um idiota,1
mauro e demente kkkkkkka guerra fria ja acabou faz tempo,1
Fica ai Janete traste inutil Destruiu o brasil vaca,1
Nossa Anselma bibona invejosa sem criatividade,1
nossa tudo o que eu vejo na pagina do fluminense sao mulambos sem nada pra fazer porque em vez de ficar falando bosta nas paginas de outros times vai fazer uma coisa produtiva,1
e vc e analfabeta,1
O flaM E R D A vai aproveita o JUIZ e os BANDEIRINHAS no profissional em ,1
nem sou mas esse cara e um velho asqueroso,1
Todo mortadela e vitima de sua propria ignorancia,1
Adinaldo kkkkkkkkkkkk De novo defe cando mortadela,1
E muito bom ver mortadelas desesperadasnervosas nos comentarios alheioskkkkkkk,1
mas no sao paulo o apressado come C u,1
Voce ta e na zona sua galinha,1
treina num curral Voce viu o CT pronto doente,1
Eduardo comedor de alfalfa rs,1
sabe o que ela tem mais que nos Ela tem mais e QSF,1
Vc  deve ser retardado  ,1
A mamis ja foi ne Mas eu chamo sua mulher  de mamis Sabe nada inocente,1
mais um sem mundial bi da b lesma verde  kkkkk,1
Aquela bocarra falando e cuspindo sem contar com um mau halito fetido Nojo,1
Sonha boneca,1
Esse ai senta na boneca,1
Eu passei na tua mulher e deixei minha g o z a d a,1
SENTE O CHEIRINHO PEIDO DE PORCO NAS SUAS CARAS KKKKK,1
o investigador investiga isso vcefdpta,1
Com essas contratacoes as frangas vao tomar no oi,1
Mais um jogo e o flaF E Z E S sem estadione g l o b o,1
Achei que a macaca vivia apenas na floresta ou no zologico,1
Essa velha ta armando plano de fuga pra ela e para o pedecana Ta na cara So a PF nao ve,1
Tremendo Gozador esse Daniel Alcantara  Mas se nao for gozacao lhe digo Daniel Deixa de Falar Bosta Daniel,1
Ai que ela fique por la definitivo e leve o molusco tb,1
VOCE E INGENUO OU UM PERFEITO IDIOTA ,1
tu isso tu aquilo o gauchada boiola kkkk,1
Lurdinha burra,1
Esse sorriso sonata nunca deve ter visto e nem jogado futebol Marcelo e Daniel Alves jogam a anos em times de ponta da europa ja ganharam ds os titulo ja estiveram varias vezes na selecao do mundo e vem esse bosta falar q eles sao ruins,1
Que comentario de bosta foi esse deve acompanhar muito o futebol europeu pra fazer um comentario desse,1
JOao Ostral um idiota assumido Que beleza ,1
Vai pro tanque sras Sonia,1
Os idiotas remanescentes o resto insistem em querer continuar a prejudicar a patria ,1
Doeu o buraco do coxa,1
O Roberto adora a palavra acefalo De tanto ouvir ele incorporou ao vocabulario pobre e inculto,1
time de me r da,1
Sempre digo que mulher feia costuma dar problemaNao ha quase excecao algumaTem umas que quando chegam a Presidencia da Republica dao tanto problema que vc nao acredita,1
morre desgracada,1
NOIZINHAS do MENGAO temos um URUBU que se chama NKU para os jogos neste ano contra os BOFES dos outros times devemos levar NKU ou deixar NKU Por favor o que devemos fazer SRNSomos Rabudas Negao  dcm DIAMETRO CRFCheirinho R Fedida,1
Hahahahahaha jumento,1
O certo seria bun da mole,1
idiota,1
Tenho nojo do flamengo timinho de torcida terceirizada de nordestinos fedidos que pensa que e carioca da gema quando nao passa de um time que tem mais identificacao com o nordeste do que com o rio Quando se fala em flamengo se imagina um monte de paraibas fedidos e sem agua falando FRAMENGO e com camisa do camelo Respeito o Vasco e o Botafogo esses sim quando se fala em rio de janeiro se lembra deles Saudacoes corinthianas,1
isso e uma bishona daqui a pouco ele fala que se o leicester ganhar a champions ele da ucu,1
Uma so e pouco Besta ao quadrado ,1
Por favor nao abram as porteiras para que os Jegues Asnos e Burros nao saiam,1
e da lojinha da tua mae aquela prostituta,1
Ui Nooooooofa que lindo fofa Nosso galao e mara ne amiga  rajkazblanks ,1
Vc tem algum retardo ou e burrice mesmo Maria,1
Lugar de mulher e na pia fogao e cama,1
Comunista defendendo a  Democraciakkkkk esses vermelhinhos sao uma piada,1
Raposao politico de profissao  ta no fim da carreira e o Piaui o adora  Eh boca mole eheheh,1
Vai tomar seu remedio velho gaga KKKK SV,1
Eu ja havia arranjado um apelido para ele aqui em casa ocuquefala,1
ELE VAI JOGAR DE GRACA KKKKK SEU RETARDADODAQUI A SEIS MESES ELE VAI FICAR MAIS RICOE VCS SEM TITULOS SEM VITORIA E O CHEIRINHO DE JOELHO PODRE AUMENTARA CUSTO BENEFICIO ZEROENTENDEU SID NOIAKKKKKKKKTA COM DIARREIA MENTALKKKKK,1
Queremos ele morto,1
Depois de legalizar a maconha agora o uruguai legaliza outra droga Um pais a beira do precipicio ,1
ALIENADOS ,1
Foi recebida com  muito  capim e agua  fresca   ,1
DEMOCRACIA BANDIDA CUMUNISTA ASSALTANTE DE BANCO ,1
Coisas de gentinha estao sempre fedendo a mortadela podre e nao tomam banho,1
Ta fazendo a cama para e para o Moluscovai que,1
  GABRIEL  VOCE  DEVE  SER  UM  GRANDE  COVARDE    SE  VOCE  PEIDAR  VOCE  SE  CAGA  TODO          ,1
RUBRONECAS,1
Essa terrorista nao vai presa por ter roubado e atrasado um pais Que morra logo demonio,1
O encantador de burros pegou mais dois,1
Velho babao para de falar asneiras na nossa pagina,1
Esse negro e o seu pai Sua mae deu pra ele quando jovem,1
Carmen Capivara Lucia por favor me de o exemplo e leve meia duzia dessas vitimas da sociedade pra sua casa faca um coquete nele libere o anel de couro de refresco de groselha mostre que tem coracao ,1
Chola mais florzinhas,1
Ja fez programa hoje ,1
Porque vc acha que precisa receber para protestar  sua vida deve estar muito boa  porque para a maioria esta uma bosta  ,1
Karen vai lavar a louca q ta suja,1
O filhodaPhuta do Brasil ,1
Falei alguma mentira,0
ele nao e presidente  e golpista,0
Diminua seu salario tbm presidente Coloque um teto no salario de todos os politicos Estabeleca que o aumento dos seus salarios acompanhem o aumento do salario minimo ,0
OS PRESIDIOS ESTAO OTIMOS O PROBLEMA SAO AS ESCOLAS E HOSPITAIS,0
Quem apoia ladrao,0
Isso mesmo FM e local e loge de tudo nao chega Acabar com radio no interior despovoado e a meta,0
fafa e daqueles  alunos que eram zuados na escola por isso paga de revoltadinho na internet ,0
voces acham mesmo que alguem votara na direita depois da PEC  jogar o Brasil em grupo da Nigeria ,0
Preparem se esse  PEC  for aprovado  o Brasil sera uma  nova Etiopia ,0
Nem Messi nem Cristiano vao dormir hoje preocupados com o que vcs acham deles Tontos,0
eta Dra Carmem Lucia a senhora esta se saindo uma grande marqueteira,0
sera  que  a   ministra Carmen Lucia presidente do Supremo Tribunal Federal   esta  procurando  vagas  para  os  politicos  ladroes  Bandidooooooooooooooos   no  presidios   que  esta  visitando   kkkkkkkkkkkkkkkkkkkkkkkkkkkkkkkkkkkkkkkkkkkkkkkk,0
Padaria do Flamengo esta vendendo muito o sonho ja acabou so resta pao ,0
Globo iniciando o lobby para o seu retorno para a Selecao,0
Nao a pizza anunciada de anistia do caixa  Sim a divulgacao da lista da Odebrecht,0
Demorou so digo isso ,0
No videogame igual aos fas alienados dele kkkkkkkkkkkkkk,0
O governo nao tem e nem pode ter carne A carne que estao cortando e do povo via deservicos publicos ,0
Em discurso Cristiano declarou Para de me secar NETO,0
BOICOTARAM um governo eleito por  anos SAO GOLPISTAS e nao querem oposicao ahahahh fazme rir,0
Pena que ainda existam vermelhos espalhados no pais quer dizer no mundo,0
E verdade mas apesar de acha que essas pesquisas sao furadas,0
Deve ser Ela nao iria desrespeitar o Fidel fumando um charuto no Uruguai,0
Especialistas afirmam que a PEC nao e boa e a principal razao e porque ela nao ataca o problema real do rombo no nosso orcamento PAGAMENTO DE JUROS DE UMA DIVIDA QUE NAO E AUDITADA Foge da logica pagar juros de uma divida que mesmo com arrecadacao maior so cresce,0
No fim vamos ficar com os que ja estao ai,0
vOCE E UM BRINCALHAO ,0
o grande vencedor das  urnas foram os votos brancos nulos o recado foi dado a todos os partidos inclusive os de  direita  viram coxinhada ,0
Se for o Ze Ricardo o Tecnico da Libertadores e entregar mais uma vez ao titulo ao palmeiras,0
NAO E POSSIVEL QUE ESSE CARA VA CONTINUAR NO COMANDO  DO TIME EM   ,0
Cade Sergio moro podia pegar essa de sobremesa ,0
Ja estamos tendo este cuidado o peso vai pesar sobre o real dela,0
Essa velha deveria passear menos e agir mais Ate agora so conversa,0
E foi defenestrada pelo mesmo povo que nao aceita insulto ,0
Bem vinda ao maior e melhor clube do planeta,0
o neymar faria alguma falta na selecao ou a sua ausencia seria melhor  ,0
Eu estava na ocupacao de escola e sai pra fazer o ENEM Sou esperto ,0
MELHOR DITADURA MILITAR  DO QUE DITADURA DE ESQUERDA,0
onde tu viu isso,0
 acabou  a mordomia dos comunistas  vao trabalhar  fora seus corruptos,0
kkkkkkkkkkkk tulio nao ele conta ate de golzinho no asfalto,0
Na categoria so TJ tem chance consideravel Cruz tambem mas menos no entanto ainda apostaria em Cody Ja contra Aldo ele nao seria o favorito Aldo usaria  bem os jabs e os low kicks e faria uma luta estrategica,0
o Flamengo sem motivacao nenhuma mete  x no santos,0
Ela e da area juridica Hospitais sao da alcada do Ministerio da Saude simples assim,0
Temer  me explique o que e sentir na propria carne ja que nao vao ser cortados nada de suas verbas,0
Superfaturamento de TV e algum Senador ou Deputado coloca um  no bolso,0
Unico que compre ena no Brasil sao os pobres Seus bando de hipocritas hipocritas e hipocritas,0
o que  assinaturas a maioria de laranjas o resto nao sabe nem por que assinou,0
nao importa de qual partido e a bandidagem e sistemica Enquanto ficarmos discutindo pardidarismo e comporativismo o combate a corrupcao sempre sera velado Forro privilegiado em pais com alto nivel de corrupcao e uma afronta a etica e a moral,0
Irmao Honorato sempre falando verdades e agindo com a razao ao inves da emocao diferente dos tupims Te amo seu lindo,0
Isso mesmo Nao tinha pensado nisso mas e uma hipotese plausivel,0
Ele so vai igualar o record pessoal quando ficar SETE jogos sem levar gols,0
Deviam perguntar a ele sobre os cartoes corporativos  que em  meses gastaram  milhoes muitos mais do que o outro governo em  meses  deveriam zeras estes cartoes ,0
Vamos lutar muito pelos nossos direitos conquistados com tantas lutas ,0
Cortando na propria carne aumentando em  os gastos com propaganda ta bom,0
Entao vamos perdoar o Ladrao so porque a outra turma tambem e nao seria melhor prender todos,0
Ele foi sincero Corram atras,0
Por que nao se reuniu com os parentes das vitimas,0
Quem esse time,0
Ja ouviu algum dia falar em antenas nao essas aquelas de longo alcance Nao ne rsrs,0
esse ze e  muito burro cara empresario corre solto e muita grana envolvida,0
Finalmente chegou  a hora de trabalhar pra ter as coisas nesse pais Ja estava me sentindo um trouxa de trabalhar pra poder comprar minhas coisas ,0
STJDacorda essa pagina e rubro negraseu viceADO,0
Se o seu dinheiro for fruto de corrupcao vc devera ser preso sim ,0
Idiotao E quem e o sabidao,0
agora e do setor eletrico que ninguem quer investigar,0
e tome dinheiro pra industria da seca,0
Senado pagara R  mil por reforma no gabinete de Romero Juca PMDBRR,0
Com o Botafogo tudo e dificil Eu acredito na classificacao Avante Glorioso Botafogo,0
Povao O governo quer cortar direitos previdenciarios e cortar gastos com educacao e saude Tudo isso para manter os privilegios dos poderosos Nao podemos aceitar Vamos protestar Vamos de Lulo  e Lulala ,0
Peco mais respeito por favor Falei,0
E ainda reclamam que so ha corrupcao no Brasil ,0
rosana a sua revolta e devido a falta de mortadela ,0
Saida pela tangente ou tambem comprando casa,0
A historia nos ensina A se precaver do futuro A prova A Venezuela ainda estao fazendo vitimas para impor a ideologia genocida,0
e rogerio todos tem mais essa anta nao coloca pra jogar,0
Oposicao a um governo que governa APENAS para aELITE ,0
Pesquisa comprada,0
Eles tem conforto ate demais Sofrimento tem as familias que eles destruiram,0
a batata dela ta assando e ja fazendo plano de fuga,0
Isso ai e a materia ou so o titulo Kd o resto,0
Venda casada ,0
Irao sentir na propria carne quando estiverem no inferno pagando pelo que estao fazendo,0
Mas nao vai ter um tupamaro ja foi tirado do poder ela aki nao forma,0
Seca no Amapa so pode ser brincadeira,0
So pela metade Voce esta sendo bem otimista,0
kkkkkkkkkkkkkkkkkkkkkkk faz me rir,0
O cara que coloca  chiquinho  para  cirino e gabriel para jogar nao pode ser normal,0
 O Flamengo vai assumir a ponta a Demora e voltar a jogar no Maracana,0
ainda precisa de centroavante e lateral esquerdo,0
Ela poderia visitar tambem algumas escolas onde criancas estudam com os pes na lama com goteiras e muitas vezes com merenda estragada ou ate mesmo sem merenda alguns tendo que andar quilometros a pe ou dentro de caminhoes Isso eu gostaria que gente ligada  a direitos humanos tivesse a decencia de fazer mas nao eles gostam de visitar presidios e defender as pobres vitimas da sociedade As criancas de pes descalcos nao sao vitimas dessa sociedade porca,0
Falta pulso,0
Me diga uma acao publica que nao tem fraudes neste pais A desconfianca e tao grande que fico querendo saber que e a pessoa de forro privilegiado que esta por traz deste esquema,0
Perfeita explicacao fisica Antonio Souza Mas acho que em OC e OT ninguem mais transmite ne,0
Que otima noticia para a massa atleticana,0
Entendam que a causa principal de tudo o que esta acontecendo na politica e com reflexos negativos na economia e obra do populismo que quando em seus  anos de desgovernanca so tinha um e somente um plano de governo Se perpetuar no poder a qualquer custo,0
ze vai cuidar do titulo   jogos  mexendo mal ,0
CR ja ganhou a Copa America Nao Julio Baptista SIM  kkkkk  to aqui so pra zuar mesmo kkkk,0
Nem todo mundo mora em cidades meu Acorda,0
Cara que bota preco em ideal nao e idealistaE mercenario,0
Seja feliz,0
Ave Dra Carmen Lucia os que estao prestes a morrer lhe saudam ,0
PESQUISE E PARTICIPE Consulta Publica  PEC ,0
AECIO E O UNICO CAPAZ DE TRANSFORMAR ESTE PAIS,0
TODO ESPECIALISTA TEM QUE MENTIR PRA SE DAR BEM,0
SE ZE CONTINUAR NAO VAMOS GANHAR NADAEM HORAS DECISIVAS SEMPRE ERRA,0
que absurdo estou indignado com essa chacota ,0
em  acabara o forro privilegiado dai quero ver ministro do STF livrar a cara deste povo,0
Qual deles cade as denuncias,0
Tem que visitar nossas ESCOLAS e HOSPITAIS ,0
Fazer o que por culpa suas se tivesse leis severas estavam vazios,0
Virou bagunca ,0
Que tal  cada indulto dado um juiz leva um preso para casa,0
Quando mais a esquerda mentir sera melhor para o Brasil assim nao vao eleger ninguem em ,0
Ententam uma coisa nao ha denuncia sem provas,0
Jogar no PSG e decrescimo na carreira,0
Depois dessa visita o Tabare Vasquez nao ganha eleicao nem para sindico de predio,0
kkkkkk,0
Galera do PSOL e comunistas em geral apertem o vermelho mesmo,0
Claro que nao Votacao no G quem ai e a favor da PEC dar um verdinho e quem for contra o vermelho Vamos ver se realmente impopular,0
Desordem e Regresso ,0
ze ricardo e doido o time empata perde ele continua com esse gabriel  so pode ser um caso de amor,0
UM DOS MELHORES  SE NW O MELHOR E RONALDO   DE VOLANTE OU LATERAL  JOGA  MUITO,0
Parece aquelas perguntas ridiculas da globo no meio do jogo,0
THIAGO SANTOS EH MELHOR Q GABRIEL FERNANDINHO E CIRINO JUNTOS PQ O GARORO N JOGA,0
Se ela concluiu o ato e porque ele concordouai nao e estupro kkkkkkkkkkkkkkkk,0
Quando sera a visita aos HOSPITAIS  PUBLICO do DF,0
nao esqueca da justica tb juizes desembargadores etc etc,0
BOA GOSTEIKKKKKKKKKKKKKKKK,0
ELENCO GRANDE E DE POUQUISSIMA QUALIDADE ,0
o cara e bom joga muito,0
Vitimas desses bandidos ninguem visita ne uma porque  eles ja mataram ,0
nao entendi a colocacao podre  onde  pais  nao e no pais,0
Olha nisso tenho que concordar com o Joao melhor pagar um SM para um estudante do que para um presidiario,0
pois e quando estavam la nao fizeram nada de bom alem de distribuir dinheiro disfarcado de bolsa familia e outras coisas nesse sentido Educacao  Otima Saude Otima  isso ja  melhor do que distribuir dinheiro ,0
cuidado com a poupanca pessoal Lembram o que aconteceu na epoca do Collor ne,0
ta solta e nos ja invadimos fortaleza daqui a pouco sua novelina sai fora do ar,0
Vao sentir falta da dentadura e do pao com mortadela,0
Em pontos corridos nao tem disputa de penalty rajkazblanks ,0
Leio a noticia com tristeza A transmissao em AM e a unica possibilidade de ouvir radio nos lugares mais longinquos deste nosso Brasilsao A transmissao em FM e por demais limitada e baixo alcance devido as frequencias de radio transmissao Se as duas modalidades sao autorizadas e legais nao precisa o Sr Presidente se dar a esse trabalho Mas ao contrario deveria estimular a radio transmissao em AM para os locais onde as populacoes necessitam de acesso as transmissoes de radio ate para inclusao social e inclusao Nacional E uma pena,0
desde que ele contribua e a gente levante a taca ta de boa o flamengo so vai pagar quando ele comecar a jogar mesmo,0
o cara se gaba de ser segundo eh pra quem nao e mais nada ser segundo e alguma coisa ja,0
Derrotada nas urnas Gostaria de saber mais,0
ato pela democracia ta bom me engana que eu gosto,0
Lamentavel mais eu garanto que em  meu voto e do Luiz Inacio Messias da Silva,0
Se e contra o Brasil nao sei mas contra essa PEC maligna e draconiana eu sou e serei sempre,0
Marinho e um jogador que desequilibra qualquer jogo,0
pele nunca vai ser melhor q esse cara,0
E quando essa imoralidade vai ter fim Ate quando trabalhadores vao ter que sustentar parasitas,0
gerar impopularidade com quem com os eleitores ou com os parlamentares ,0
e os parentes dos que foram mortos por eles,0
Ainda bem Murilo Temos de terminar a faxina e limpar o pais da esquerda lha Urgente,0
Pouco conhecimento da leiatodos sao iguais depois de julgados e condenados exceto militares,0
Tinha tirar todos auxilios de familias mande suas familias trabalharem para sustentarem,0
Collor nao e digno nem para limpar os sapatos  desta  DIVA,0
JA VIROU NOVELA CHEGA CANSAMOS,0
Quem tem o famoso transglobe da Philcoso vai servir pra ouvir radio do Paraguai,0
Cara    de    Pau         ,0
A GAROTADA RUBRO NEGRA MANDOU LEMBRANCA DE DENTRO DA SUA CASA KKKKKKKKKKK,0
Mano na boa na boa mesmoManona boana boa manoManooooooooo ,0
As radios sao controladas por politicos so precisavam do presidente certo pra ganhar o presente Muita gente  vai xiar o AM tem maior alcance,0
Roubalheira Entao governo oriundo de roubalheira e ladrao tambem Eleicoes ja,0
voce esta desinformado,0
 SERA POLICIA FEZ PERICIA NO CARRO  ESTRANHO NE ,0
Tabarez digame com quem andas e te direi quem es,0
Melhor do mundo,0
E que nao volte de la Damos de presente pros uruguaios,0
Essa e boa com alguns politicos  peco se possivel informe os bons politicos kkkkk,0
Sera que foi sabotagem,0
ESTAMOS PERTINHOS DE UM MILHAO DE PARTICIPANTES ACORDA BRASIL,0
Nao e possivel que deputados tenham tantos cargos comissionados ao seu dispor E esse tipo de coisa que precisa ser cortado,0
O que esta OPOSICAO esta conseguindo e atrair para si e para os proximos e o odio dos eleitores ,0
A casa caiu,0
Contrato de  anos Esses clubes sao loucos  anos no maximo,0
o temer e o melhor que ta tendo ne com ele nosso pais e a sexta maior potencia do mundo ne,0
E o fim Desisto do meu pais ,0
Deixem o cara em paz,0
Mas ele so pipoca quando a coisa aperta sempre foi assim,0
A pec do mal comeca esta semana o fim de nosso pais ,0
pena qual linha esta na reportagem que devo ter pulado essa,0
Imperador isso e balela Entao as outras nao sao adversarios de verdade E o mesmo que eu dissesse que Anderson Silva nunca pegou oponente de verdae quando pegou um bom wrestling perdeu duas ,0
quebraram o pais e ainda tentam boicotar quem quer trabalhar,0
Mas ela nao parou de lucrar perdendo inclusive nessa ultima do valor total  foi o valor pago so pra ela,0
David Luiz agora e goleiro pra ter recorde pessoal de menos vazado,0
O golpe dela Rosana pra se reileita se chama bolsa familia,0
Saudade do Otamendi Ele e Gabriel seriam uma dupla de zaga sensacional,0
Teve uma hora para responder e nao achou nada Claro  nao existe ditadura eficiente,0
Mas o JUIZ e os DOIS BANDEIRINHAS que GARANTIRAM mais um ROUBO estao acertados pra ,0
ATENCAO NOVA DIRETORIA QUEREMOS UM TIME COMPETITIVO EM   ,0
PESQUISE E PARTICIPE Consulta Publica  PEC ,0
Isso que esta na mao dela nessa foto por acaso e um baseado ,0
Os Ricos continuam ricos e os pobres continuam pobres retiraram foi a dignidade delesisso sim,0
A leveza de um paralelepipedo e a honestidade de um NOVE DEDOS,0
Heranca do governo anterior,0
quem nasceu para ser  a  jamais sera Junior Baiano ,0
Isso nao e forca e falta de senso de ridiculo mesmo,0
Quem negativa sao os presidiarios Lucasestao equipados dentro dos presidios,0
Isso e comum com times pequenos,0
Corta a propria Carne Teve churrasco no Planalto e nem nos chamaram Esta e a unica Carne que eles cortam Na mamata deles com certeza nada,0
E preciso reduzir e muito O custo Brasilia   Reducao de privilegiosreducao numero de deputados e senadoresreduzir numero de instancias recursais no judiciario    ,0
Vao ter que renovar o contrato do Sergio Ramos ate  tbm,0
Mano na boa Ivo Holanda sao  titulos sem o Joan Gamper,0
Atras so do Robinho e do Fred campeoes da Copa do Brasil ,0
Passei por aqui so pra deixar meu FORA TEMER,0
Traz ele de volta e deixa ele escolher o tecnico ,0
enquanto isso o Palmeiras continua sem mundial,0
Cortar na propria carne e reduzir o no de Deputados Federais e Senadores e seus gabinetes com aa consequente reducao de mordomias,0
era de se esperarnao adianta perguntareles nao vao falar dos  milhoes do srra,0
Volante centroavante e lateral esquerdo,0
nao tiro um real do orcamento geral pra destinar a presidio com tanta falta em hospital ,0
Nao da nem pra comparar fato,0
E os tucanos  reis das delacoes ,0
Muitas denuncias muitas provas e pouca cadeia ,0
Entao ministra mais um motivo para instalar a pena de morte,0
Exercicio de logica elementar Se o PSDB que ganhou a maioria das cidades e foi o grande vencedor das eleicoes supostamenteb perdeu para os votos nulos imagina os vermelhos kkkkkk FORAM VARRIDOS Em SP entaoPrimeiro turno Um passeio,0
ele possui outro recorde tomar  gols em um jogo,0
O FMI ja afirmou que entre  paises  incluindo potencias economicas  as medidas adotadas no Brasil sao as DURAS e INFLEXIVEIS Alguem ja leu quem defende e quem e contra ISSO E UM ASSUNTO MUITO SERIO E QUE VAI MEXER COM A VIDA DE TODOS,0
Tudo o que defendo aqui e o imperio das leis e TODOS e note que sempre grifo o todos paguem pelos seus mal feitos O que nao tolero e a hipocrisia e as mentiras descabidas da esquerda incluo o PSDB que para mim e muito a esquerda E entendo intolerante esses esquerda lha defendendo os bandidos de estimacao mas atacando os outros que sao pequenas causas Hipocrisia aqui nao,0
A unica carne q esta cortando e a oferecida nos JANTARESFILE MIGNON,0
ADRIANO   IMPERADOR    E   WAGNER  LOVE  E  RONALDINHO   E  FABIO  LUCIANO,0
OBSERVO QUE ESTAO COMPARECENDO MUITO MAIS DESCONTENTES COM O GOLPE MUITO BOM,0
Para vai Saulo mim esses presos que estao la sao os mais perigosos do brasil,0
Estamos exportando mortadela Essa fica de graca  ,0
Sabe o que eu acho engracado os nossos governantes  nao pensam em cortar regalias e beneficios desnecessarios que os favorecem porque sera ne e mais do que claro ate mesmo para quem nao quer enxergar eles sao estao la para defender seus proprios interesses  e os dos empresario o no casso eles tambem ou comecamos a tomar uma atitude para mudar de uma vez por todas essa roubalheira nesse pais o a tendencia e so piorar para o povo porque dinheiro para investimentos nao tem mais para aumentos de salario e regalias nao falta,0
A historia desse cara com o moleque que subiu no octagon pra receber o cinturao e muito louca O cara pode ate ser sangue no olho mas o que ele fez pra ajudar o moleque nao e qualquer um que faz,0
Acordem Trouxinhas A casa esta caindo,0
pois aquela novinha para receber alguem  sabe qual e o salario dela aivamos mandar cortar ela,0
Sonia o cartao corporativo do seu presidente ja bateu a casa dos R  milhoes em  meses,0
quanta gente raivosa que horror,0
A populacao esta tao  manipulada que so entendem dois lados  quando nao devemos ter lado nenhum Devemos lutar contra todos os que se locupletam com o nosso dinheiro  seja de que partido for,0
Esse foi apenas mais uma fraude Certamente deve ter outros tantos que fraudam e ninguem nunca sabera Alias esse pais historicamente ja e uma grande fraude,0
Nao vai dar em nada,0
VAMOS MASSA ATLETICANA LOTAR O MINEIRAO PARA APOIAR A ARGENTINA DE LUCAS PRATTO,0
aqu nao tem lugar para carne de pescoco o povo gosta so de picanha na parrilla,0
voce falou tudo,0
se vier e um otimo reforco,0
o Brasil ta quebrado e temer esta emprestando  bilhoes ao FMI,0
o problema nem sao os salarios  O PROBLEMA sao as verbas eventuais  desembargador recebendo  MIL  e a justica e cega tem cara pedindo vista nao ta enxergando nadaou se faz de cego ne STF ,0
Corrupcao e mais corrupcao Em todas as areas no Brasil Sabe o que acontece com corruptos NADA,0
Vai querer aparecer mais que o Moro isso vai gerar uma ciumeira,0
Eu que nao entendi seu Edsonda para explicar a duvida melhor,0
Torra se absurdo com politicos militares judiciario e o problema e o velhinho que com  pega um salario minimo,0
Melhor do mundo e o Messi aceitem este fato Ronaldetes,0
Deve ganhar o premio FIFA foi o melhor da temporada,0
Nilsa Amaral eu sei A do  TEMER tem MORTE MAIS PROLONGADA  ANOS ,0
Junta todos os pontas do Fla que nao da um Cueva,0
Sem a Pec o dinheiro tera que sair de algum lugar  ou seja novos imposto e aumento dos ja existentes O problema da educacao  saude e seguranca e a corrupcao se isso resolver vai sobrar dinheiro para essas areas ,0
Seriam grandes clubes afinal sempre tiveram jogadores nacionais que fizeram historia,0
Entrei so pra ler os comentarios dos peritos,0
DERROTADA nas Urnas em que urnas ahahahh ate onde ganharam perderam pra votonulo ahahahh,0
Esse tem um empresario bom,0
Essa  muie nem drome nem da cuie nem brinca em fiuvicoCuidado,0
ahhh isso e cortar da propria carne Vou ficar com medo entao quando ele for cortar da nossa carne,0
Nao e afoito nao Contra o Cruz foi muito paciente atraindoo para trocacao franca So deu blitz contra os adversarios anteriores contra quem tinha grande confianca nao sem motivo de que botaria para dormir,0
Srs JUIZES PREDEM LOGO ESTE BANDIDO ,0
Isaque nao se faca de tonto Chore menos sua Lionete,0
Isso dai e formacao de quadrilha A defesa da democracia so risos,0
Mas ele nao e  do futebol paraguaio,0
Quando esse cara comeca a falar eu mudo de canal,0
E as palestras do analfabeto  Quantas foram proferidas apos a Lava Jato,0
Engracado e meter a mao no dinheiro da  populacao e ao mesmo tempo querer ajudar uma empresa privada  OI  com dinheiro publico O jeito e esperar outro meteoro dar o reset novamente,0
Desde que assumiu so falafalamas resolucao nenhuma,0
E SERA MUITO BEM RECEBIDO PELO JUIZ SERGIO MORO,0
O Gilmar MendesPSDB vai ficar com ciumesEla esta querendo aparecer mais que ele,0
Palmeiras nao tem mundial,0
Esse MITO sabe tudo de futebol ,0
Em pontos corridos nao tem jogador adversario escorregando com o gol escancarado rajkazblanks ,0
E muita denuncia e pouca acao,0
O Pratto ai lado de Messi  vai deitar e rolar em cima da nossa selecao falida,0
ele esta de escarnio estava acreditando nele ate ele falar em beleza e elegancia,0
O PALMEIRAS VAI SER CAMPEAO  SEM MIMIMI MUNDIAL DE ,0
 so falta acabar com a farra dos cartoes corporativos,0
Finalmente o Senador entendeu Parabens,0
o fanatismo nao e uma doenca fisica e nem espiritual mas sim uma doenca da ignoranca e odio   ,0
Com certeza essa lista contem  de politicos  Lamentavel,0
Sempre a admirei agora mais ainda      Bela atitude  ,0
e quando vao pegar nosso dinheiro de volta com os sanguessugas,0
 indiciacoes em  semana ja pode pedir musica,0
Cortar a propria carne   Estou vendo so  o ze povinho se ferrar Cortar na carne e diminuir o inchaco da maquina publica  e diminuir o ganho dos politicos ,0
Que diferenca faz ,0
RLX  neymar ja ta bem treinado pelo barca  so chegar e vesti o uniiforme ,0
Base  Com Ze nao tem vez So jogo la medalhao e jogador de empresario Politica dinheiro no bolso ,0
Cite amigo esquerdopata UMA LINHA ONDE DEFENDO QUEM QUER QUE SEJA UMA SO,0
os presidios lotados e milhoes querendo entrar neles isso e um paradoxo ,0
Os poderes estao  preocupados com bandidos  que tem de tudo que o cidadao onesto e renegado,0
Ela deveria levar o Renan Calheiros junto com ele mas ele ficaria la mesmo,0
quem esta com o dinheiro na mao e sabe o que vai precisar fazer para suprir as necessidades seja de sua casa de sua empresa de seu estado municipio e pais e o unico que sabe aonde tem que economizar o que tem que corta pra nao ver o seu negocio afunda o restante sao os julgadores que nao sabem o que esta acontecendo,0
Nao e que a veia ta segurando um cigarrinho de maconha mesmo ,0
So ha justica para os pobres um pais onde os ricos ficam impune,0
Cortar na propria carne e acabar com o financiamento de partidos politicos,0
Porque ele esteve no poder por  anos talvez,0
sai armario na mesma velocidade em que baixa a qualidade de seu futebol,0
Denuncia  denuncia  denuncia  cadeia quando  ,0
A bandidagem continua se escondendo,0
Parabens Dra Carmen  ao menos a Sra foi la diferente de outros que nem sabe que aquilo existe  sabem que sao marginais mas nao podemos nos igualar com eles     ,0
Eu acho que voce esta na pagina errada,0
Inveja matahhhhhhh,0
Corta a propria carne onde Ministros teriam burlado regra da FAB em  voos,0
e vc deve ser  mais uma assistida pelo bolsa esmola ,0
realmente  mais o brasil  tem que muda essa situacao  se nao   nunca saira desse  mar de lama  ,0
So conversa mole desde que golpeou o poder nao e Temer,0
QUE LINDINHO ESSE MOCO COM ESSE OCULOS,0
manda matar tudo e  esvazie as celas e vire heroina nacional,0
E uma pena que Riascos nao e Argentinota marcado na historia por dois momentos marcanteskkkkk,0
So ganha se ROUBAR senao e CHEIRAO DE F E Z E S mesmo,0
este  Temer fala em cortar a propria carne entao porque nao comeca cortando os aumentos q ele sancionou dos ministros e deputados e assim ele ja pode ver um melhor desempenho mas nao prefere tirar da gente do q deles mesmos  ,0
desnecessario ofender o flamengo tudo bem agora envolver outras partes ai ja nao apoio ,0
Os  do Rio os  de Sao Paulo  do Rio Grande do Sul e  de Minas Gerais   grandes ,0
minha diretoria e transparente e nao mente igual a  de voces nao tudo q o flamengo fala e concreto e fato tem credibilidade,0
isso e falta de dinheiro em um clube falido,0
Ele e ficha suja e esta inelegivel nao sabia,0
vamos ver quantas maes que tiveram seus filhos assassinados por estes assaltantes a Ministra vai visitar,0
pois e os  nao foram peidods por ele para  montar o elenco entao nao vamos da porrda no cara,0
Precisavamos de mais Presidentes assim,0
Isso porque voce coloca rotulos nas pessoas,0
Na verdade  mesmo ja passou da hora ,0
So ve um lado da historia voce Se eu to com a vida ganha ganhando quase  milhoes por mes durante  anos por culpa do Fluminense pq ele nao era nada antes disso Eu sinceramente jogava ate  de graca Essa era a obrigacao dele A melhor forma de retribui essa vida boa que ele ganhou gracas ao Fluminense O que e  mil perto de tudo que ja ganhou  Isso se chama ganancia mercenario nao e idolo,0
E a farra dos ministros POLITICOS  e mais gente do governo com aviao da FAB quem paga a conta esse corte na carne nao existe Agora se  viajassem em aviao de carreira ai se acreditava ,0
Que tornozeleira eletronica,0
Voces precisam pesquisar melhor a historia do campeonato de  ,0
Sera que o MAV consegue ler e falar paralelepipedo,0
Prendam logo o chefe mor da corrupcao,0
Real Madrid ta doido mesmo o cara nem empurrar a bola de baixo da trave consegue mais,0
votaremos em quem quisermos o voto e livre se vc nao gosta problema o seu,0
Pode prender inocente  ,0
Nossa que coisa relevante a mulher dele e voluntaria,0
CADE O GALVAO PRA NARRAR AGORA   FALIIIIUUUUUUU FALIIIUUUUUUU FALIIUUUUUUU  ,0
E tanto deboche tanto escarnio perderam o senso de ridiculo de humilhacao,0
Dois mundias com uma libertadores ,0
Esse Tabare e o tipico bolivariano light se e que isso existe,0
Pra quem nao sabe e aquele mesmo hotel que a Ana Hickimann estava,0
Enfim uma iniciativa com vistas no futuro e nao so na proxima eleicao,0
Falta muito pra chegar ao maior artilheiro de todos a grande genio da area Romario,0
Vamos iniciar  levando porrada Essa molecada nao tem nem corpo Vao pipocar,0
Se a empresa concorrente da sua te oferecesse um super contrato de trabalho voce trocaria de empresa Quanta gente hipocrita nessa torcida do fluminense aff,0
no fim tudo dara certo  Rumo a gloria,0
Todos sabemos e que por causa da pesquisa de ontem no qual ele poderia ser presidente em ,0
Tomara que esteja certo colega,0
Essa ministra trabalha a menos de  km dos hospitais de BASE e HRAN sera que pretende visitar os,0
Meus caros amigos enigmaticosNao deveriam comparalo ao Tyson Tyson e um grande mito do boxe  mas que deixou a desejar no lado pessoal  Entao se nao e bom no lado pessoal ou no profissional o cara nao e completo Chequei nesse raciocinio assistindo o Faustao       ,0
Sr Sergio moro crie uma comissao de magistrados corajosos p apurar crimes sem medo,0
O Brasil esta em crise Precisamos adotar cortes de gastos na populacao e aumentos de salarios para juizes edeputados E tao simples de entender isso ,0
Pois e Qualificou e investiu pesado na PF e uns acham que e unico culpadoSP ta com falta de policial civil e PM e os paulista se acham kkkkkkkkkkkkk,0
NAO ACHO NADA DEMAIS NESSE CUEVA SO FAZ GOL DE PENALTY,0
Nao reconheco esse governo ilegitimo e golpista Fora Temer e companhia,0
Ele virou goleiro,0
E a grana pra salvar a oi vai sair de onde,0
Neimar pela esquerda Gabriel Jesus pelo meio e Marinho pela direita que ataque ,0
Porque e menguinho so vcs que pensam e falam que e grande,0
A PEC corta a carne do povo porque a dos politicos estao intactas os salarios deles aumentam regalias continuam desvios de dinheiro tambem continuam enquanto a lava jato nao detectar eles e por ai vai bem vindo ao Brasil e politicos farinha do mesmo saco onde todas as eleicoes o povo procuram eles para vender o voto e os politicos nao fazer o voto ficar optativo pois prejudicaria eles no que tange a se elegerem comprando votos e manipulando o povo sempre burro sem educacao saude e tudo que temos direito,0
E so colocam ele pra pegar as novas safras ai e q a surra e pior ainda essa luta nao passa nem do o round podia colocar ele contra os semiaposentados pra ver se tinha alguma chance,0
fim da isencao de impostos para todas as igrejaschega desta bagunca,0
Renato voce tem toda a razao temos de acabar e com aquele desgoverno passado tipo populista que ao inves de ensinar a pescar quer dar o peixe e com isso se perpetuar no poder a qualquer custo,0
Bauza retranqueiro vai botar pra cacar o neymar podem tirar print,0
Melhor investigar a oposicao,0
Porque nao vai aos Hospitais que estao super lotados e falta de equipamentos,0
Mais dinheiro desviado em   ,0
Esse povo nao esta nem ai pro Brasil so querem ser contra,0
Fiquei chocado com essa noticia,0
 temporadas pelo RALA e  titulos kkkkkkkkkk Messi em  anos de Barca tem  titulos,0
quem e o reserva desse capaz de vir o reserva,0
Havia previsao entrar em plenario no comeco de novembro   E preciso aprovar o projeto de lei  medidas anti corrupcao com mais de dois milhoes de assinaturas   E necessario tambem preservar o conteudo original do projeto  ,0
Politicos jamais aprovam leis que prejudicam eles direta ou indiretamente esta PEC e um desdobro pela crise que o Brasil esta devido as dezenas e centenas de bilhoes de reais desviados todos os anos pelo Brasil muito dinheiro meu amigo que faz  a diferenca,0
Quando provar irao para a cadeia,0
verdade vamos ser compreensivos ,0
Que moral idiota quase nem voltaram Kkkkkkkk,0
JOGADOR DE TIME PEQUENO,0
Quando falamos a verdade nao publicam Ainda falam em liberdade de expressao,0
Cai na Real vascainos segundo da segunda  Kkkkkkkkk,0
O  Sr  Temer foi posto la por vcs que votaram nela,0
Mais umo povinho idota,0
Em pontos corridos nao tem Riascos pra errar penalty aos  do segundo tempo rajkazblanks ,0
So te corrigindo O que seria a Europa sem estrangeiros,0
Curitiba esta mais esperta que voces pensam,0
foi lindo ver essa incompetente  cair igual Jaca madura ,0
Estes politicos ai de Brasilia praticamente nenhum tem ficha limpa sao os maiores ladroes do Brasil,0
Mano na boa como eu sabia A Ronaldete nao tem argumentos,0
Denunciado hoje de novo ok mas preso quando ,0
os politicos sao o reflexo do povo,0
Deve estar verificando a possibilidade de asilo para o Lu,0
Estourou o placar quanto e isso,0
De tanto falarem em cheirinho perderam o olfato Rsrs,0
 Por isto ele usa o pseudonimo  de SURREAL bidu ,0
Ilegitimo Foi vc que votou no Temer Eu votei Aecio Quem colocou seu presidento no poder foi vc,0
Ahahahahaha Voce devera trabalhar em dobro ou em triplo ele nao ,0
esse ai e matador,0
Na carne de quem Aumento para varias categorias de servidores servis que dao suporte a tudo que esta sendo feito O unico que vai sentir os impactos reais e o povo que por incrivel que pareca foi tao alienado que uma grande parcela apoia essa loucura,0
muito bom depois de doar bilhoes de U na vizinhanca agora foi colher dividendos,0
Com PaulinhaFernandinha em campo o Messi vai deitar,0
Falou o cara que nao sai da pagina verde,0
o dirigente falou alguma mentira,0
A economia de uma casa ou empresa e diferente da economia de um pais uma empresa pode corta gasto bem mais facilmente mas seu o governo corta gastos gera desemprego e queda da economia John Maynad Keynes  Todos defendem gasto com responsabilidade agora cortar gastos de educacao e saude que nao ,0
 para o Judiciario Acreditam mesmo neste indice ,0
 O  que gasto no cuellar erradamente dava pra ter comprado o cueva,0
Concordo  por cento,0
Vai taxar dinheiro de doacoes Coitados dos mendigos,0
Esta vendo a possibilidade de asilo politico ja que em breve recebera ordem de prisao,0
Paulo Bertazzi  o que voce quer e uma ditadura de novo,0
 gols em  jogos oficiais media de  Melhor do mundo,0
Mano na boa quase que ele faz um hattrick Solange So faltou  penaltis,0
SAO QUASE  SO PARA PAGAR JUROS DA  DIVIDA Uma vez que a reforma tributaria e PRINCIPALMENTE A REFORMA DO SISTEMA DA DIVIDA PUBLICA ninguem  se mexe para fazer  ja que contraria os poderosos que emprestam dinheiro ao Brasil alguns ligados ao FMI inclusive  mais facil por a culpa no trabalhador e nos programas sociais que nao representam  da fatia do orcamento,0
Engracado e que se voce disputar emprego com eles voce perdera,0
O Pentateuto que nome estranho acredite Sua capacidade de discernir ainda pode ser resgatada,0
NAO SABIA QUE O URUGUAI GOSTAVA DE TANTA PORCARIA JUNTO,0
Discordo em partes Mas porque ao inves de tirar mais da populacao mais pobre tambem nao crie os impostos sobre grandes fortunas exonere os cargos partariados de comissao corte os salarios e regalias dos deputados senadores dos secretarios e do Presidente da Republica  diminua o salarios autos dos magistrados ai sim eu comeco a acreditar mais neste governo e no Brasil melhor,0
Bernardo Cabas   Os deputados federais ja estao se movimentando para anistiarem o caixa dois que existe ate os dias de hoje So querem condenacoes daqui por diante Estao quebrando a espinha dorsal da lava a jato que e a delacao premiada,0
Rodrigo nao bagunce as ideias Uma coisa e uma coisa e outra coisa e outra coisa ,0
Geraldo Gallo vamos protestar Amigo Vamos invadir aquele CT e quebrar tudo,0
Se fosse os petralhas estariam criando mais bolsas ate virarmos uma Venezuela ,0
Deveriam mas isso nao sou quem vai saber te responder pergunta la na PF,0
E serio isso ,0
E TEM QUE PRENDER LOGO ANTES QUE ELE FUJA PRA CUBA,0
MPF a trabalho dos interesses tucanos e pmdbistas,0
E quando vai visitar os hospitais e tumulos das vitimas desses marginais,0
Melhor comecar cortando as despesas dele porque nao houve ate entao nenhum presidente que gaste tantocomece cortando a propria carne,0
VAMOS MASSA ATLETICANA LOTAR O MINEIRAO E APOIA O PRATTO,0
ze ricardo     ta de brincadeira   culpa desse mane  todo jogo um time diferente  fanfarrao,0
Brincadeira e vc acreditar realmente nisto,0
Esse ano pra vcs foram muitas frustracoes eliminados de tudo que participaram e mais a de ontem ,0
E aqui toma  em um jogo so o cara e muito ruim,0
Ficou mal ela ser recebida pelo presidente do Uruguai Fora de padrao,0
sempre disseram que a ronda nunca pegou uma adversaria de verdade qdo pegou alguem que bate forte mesmo afinou ela vivia correndo da ciborg pq sabia que ia perder as vezes nem e medo de apanhar e sim de parar de lucrar ,0
Cabra frouxo,0
Preparemse todos Corte para concursos publicos poderao colocar seus apadrinhados com altos salarios sem concurso sem verbas para saude educacao e seguranca publica  aguardem aumento de assaltos Para reduzir gastos bastaria fazer cortes nos altos salarios de cargos comissionados sem concurso e beneficios dos gestores,0
Cahill ainda tem pesadelos com Emerson Sheik e Paolo Guerrero,0
Esse modelo de Enem e enganar o povo que pensa que vai entra na faculdadeentra uns poucos o resto e tudo fraude,0
Tenho total condicao de dar minha opiniao enquanto liberdade de expressao me valer Enfim ,0
O   PARA  TB   SE ACOMODOU UM POUCO  PODERIA REVESAR ELE E O RODNEY ,0
Aposto que ainda vai ser o presidente da camara,0
marcos e eu que achava que politica era  uma ferramenta de transformacao quato engano,0
gigante que nao ganha um nacional a  anosta de sacanagem ne,0
duvido que essa ministra peca reducao de seu salario para tres mil reais,0
rindo da sua cara com  de desconto na aposentadoria e o seu troco por apoiar golpista ahahahah,0
Nao temos timeTemos um bando de jogadores meia bocatodos sem nenhuma qualificacaoBarcaJA,0
O Brasil deve vencer mas vai ser um jogo dificil,0
a bixaria da mortadela ta no desespero,0
So espero que ele recupere o bom futebol,0
Paulo cid mata baratas quando ele assinar o contrato depois de um mes ja recebe o salario integral ou vc acha que ele vem da china para o fra e vai ficar  meses sem receber Nao acredite em tudo que sua diretoria fala inocente,0
Esse nao roubouao menos nesta gestao,0
Nao contratava mais medalhao o flamengo so gasta e gasta tendo os garotos da base,0
Complicado e colocar o Cirino e Gabriel atacante que nao sabe chutar nao faz gol,0
Voce nao pode estar falando serio,0
O empresario desse rapaz e simplesmente magico,0
Sera que teremos tambem mais cinco anos de propaganda com o Clear men kkkkk,0
O Vitor Nastari  voce esta e com a cabeca cheia kkkkkkkkk  imagine   kkkkkkkkkkkkkkkkkkkkkkkkkkkkk,0
Voltaram so a fazer o que senpre fizerem Sao os defensores do povo lamentavel ,0
Devia e ficar o Damiao e sair o inutil do guerrero chorao,0
NAO E MACONHA    E CANABIS  SEJA MAIS ELEGANTE  NESTE CAITE,0
OS PETRALHAS ESTAO ARRUMANDO ESCONDERIJO,0
estao tentando desviar o foco ,0
Bem lembrado Marcos Alves  Essa PEC e muito importante para a tao sonhada reforma politica Eu ja participei  ,0
Esses atos uruguaios com a presenca dela e  importante tanto quanto o preco da banana em Monaco,0
Resultado de  anos de patria educadora Educando ladroes e corruptos,0
Um volante da base PELO AMOR DE DEUS para o lugar de Marcio AraujoPELA AMOR,0
falou tudo,0
Depois de tanto roubar nada melhor do que passear,0
O SANTOS TODO LANCA DOIS  GAROTOS PORQUE O FLAMENGO NAO FAZ O MESMO,0
O culpado pela perda do titulo e o mesmo pela briga pelo titulo kk via entender  ,0
O Senado um das instituicoes mas caras e inuteis do pais votando o corte de gastos dos outros os deles naoBando de ladravazes do erario,0
Perfeito Marcio Lembrando que muitos politicos sao donossocios de empresas de plano de saude escolasfaculdadesuniversidades particulares preciso desenhar,0
Dali ele foi pro Panama para acabar de esconder o butim,0
enquanto um presidente nao tiver coragem de propor acabar com TODAS as regalias e beneficios dos deputados e senadores  para mim ele continuara a ser um presidente qualquer Caso fosse  candidato reeleicao nao teria o meu voto,0
Sera que ela discursou por la Dizem que ela fala espanhol sem sotaque,0
Parabens Pres temos que tomar mediadas duras e culpa do PTe,0
pra mim ta vazio a ministra que vai cuidar dos politicos safados que eles protegem ,0
Gostei das mudancas Novas estrategias,0
Aproveita que esta ai e ja implanta pena de morte para esses lixos  Bndido bom E bndido mrto,0
Sera que houve uma faxina para a visita da Ministra ,0
 Um Brasil de amanha Ele disse porem o amanha e agora o que esta se falando aqui e de uma recuperacao do pais a longo prazo  anos isso se ate la com este governo que esta bem ai o Brasil ja nao estiver afundado de vezVai vendo,0
Eles torcem quanto pior melhor,0
presidio e lugar pro sujeito pagar seus pecados e nao ficar num resort de ferias,0
Mano na boa Messi ja foi eleito o melhor fora de outro time Se for seguindo esse teu criterio Pele George Best Maldini Iniesta  Garrincha e muitos outros sao uns BOSTAS pois esses citados nunca foram os mesmo em outros times e algunsMaldini e Iniesta nunca chegaram a jogar por outros clubes  Pele jogou por  anos no Santos e ninguem disse nada ,0
Ta louca Davi To afim de fazer nada na tua mao nao,0
Paulo Henrique eu nao sou de esquerda Nao se trata de ideologia partidaria As pessoas precisam procurar fontes seguras e antagonicas sobre o assunto antes de usar uma logica de      sem olhar para o problema de forma macro,0
Nao vai ter golpe Dilmae  o povo bonito e trabalhador vai te colocar la novamente,0
Vai fazer a denuncia e pede para um juiz pegar o caso blz,0
calma tudo e questao de tempo lembra do Cunha,0
vai ter que pedir dicas pro Ze para pder jogar ate os ,0
Quando ele sera preso ,0
Bandido defendendo bandido Estranho esse papo,0
Da para fazer uma lista com mais de cinquenta itens Se tivessemos um Governo do Povo e para o Povo  tudo seria diferente Temos Governantes que so pensam no enriquecimento proprio,0
Vai ser preso antes do Natal,0
quando Deus diz nao nao adianta lutar contra,0
Olha os caras fazendo algo de util e de interesse publico,0
Falando em heranca sao  anos de PEC haja heranca pra deixar,0
Continuam espalhando as mesmas mentiras de sempre,0
Eu estava concordando com a PEC mais depois que eu vi a reportagem hoje no G da farra dos ministros com aviao da FAB  fiquei revoltadoEsse pais nao tem conserto nao,0
Deveria ser aplicada a etica de Aristoteles no sistema prisional  A justa medida,0
 titulos sendo que uns  Trofeus Joan Gamper que e um amistoso Bela galeria,0
esse e o caminho do crescimento,0
Esses recursos vao sair de onde ,0
Sera que agora ganha copa do Brasil ,0
Nao entendi o que ta faltando pra ele ser preso,0
Nao vejo  ir visitar hospitais com criancas idosos e trabalhadores nas linhas finas,0
O Uruguai mais uma vez ira receber a escoria do Brasil,0
O Sao Paulo ja foi rebaixado ,0
sou obrigado sei sim so nao quero nao sou perfeito esqueco as vezes rs ,0
Pelo menos a esquerda uruguaia Nao roubou o mojica ainda ta de fusca,0
Mas ele vai preso Aguarde,0
Essa noticia e antiga,0
kkk voces sao uns comedias,0
vamos voltar  anos atras e ver o que ele fez no  x ,0
Voce nem sabe o que fala mano voce nem sabe chutar uma bola ENTENDE NADA DE FUTEBOL CRFOREVER,0
Marias tremem pro Galo e borram pros argentinos FATO,0
cortarsea  a propria carne   a propria carne DOS OUTROS nao a deles ,0
Cortar na carne do povo isso sim Pq os autos salarios e as mordomias nao entram no limite de pec da maldadefora temer,0
Joga muito,0
Sao mesmo agitadores e so o que sabem fazer ha a tempo ainda sabem tambem roubar,0
so queria dizer que   po de arroz e maquiagem    sem mais  ha e antes que eu me esqueca paguem as series b  ,0
Concordo pois ele e bom para montar time,0
Coloca os moleques no carioca pra pegar experiencia,0
Ze ricardo nao sabe avaliar nem os jogadores profissionais q estao com ele que dira a base,0
Daqui pra frente vai piorar porque nao havendo emprego   vai aumentar os furtos e roubos ,0
Depois que a Russia montar uma base na Venezuela o problema vai passar para eles,0
o brasil todo  menos a torcida do inter hoje e Corinthians obrigacao e ganhar  ,0
Bbcas serie c vcs nao saben Separar quantos trocaram de lado epoca de doval dos trocas Fla x flu vasco x bota Jogadores marcaram epoca e historias Vcs sao eternos serie c ,0
Antonio Oliveira A VENEZUELA A GASOLINA VALE   CENTAVOS DE DOLAR NEM POR ISSO E POTENCIA,0
Emocionada pela morte ou pela posse,0
Ajudou afundar o pais E nao tem vergonha na cara Acha tudo normal,0
Queria ver ela indo pro Paraguai tomar outro calote kkkkkkkkkkkk,0
Alex exponha seus argumentos abc,0
com Anelkocando ate hj Maria Ele nao e argentino nao viu Todos sabem q as Marias se borram pros argentinos,0
Cruz so tem agilidade mesmo poder de nocaute zero o Cody veio muito mais preparado por isso levou essa,0
E  CHORO  CONTINUA SENDO LIVRE,0
Deveria estar preocupada em acelerar julgamentos que beneficiam aos trabalhadores ao inves de se preocupar com bandidos,0
Lateral direito dois zagueiros e um atacante ja resolve grande parte dos problemas do Cruzeiro,0
Gastar  mil com reforma do gabinete de romero juca e sacanagem com o povo,0
Unico corte verdadeiramente na carne e acabando com o excesso de beneficios e diminuindo o salario dos politicos Ahh claro diminuir a quantidade deles tambem e bem vindo,0
essa modinha de rivalidade os  sao excelentes jogadores pronto,0
o triplex caiu,0
time de um gol so muiuta sorte,0
Cortando a propria picanha no churrasco de domingo Deve ter faltado o churrasqueiro,0
Vizeu e convocado frenquentemente para a selecao sub quem ia ser o centroavante CIRINO,0
O Serra com  milhoes nada tambem,0
Gastando  MILHOES em   meses com cartoes corporativos Hipocrita,0
Essa e uma reforma urgente A proxima e previdencia PEC e fichinha perto do que SE DEVE fazer ,0
ainda mais se for hospedar um politico  boa Rubens,0
ELA DESFILARA SUA ELEGANCIA BELEZAPELAS RUAS E AVENIDAS DO BRASILNAO SE PREOCUPEM,0
Sem reforma tributaria e a do mercado da divida NUNCA cortarao da carne Juros da Divida publica levam cerca de quarenta e tres por cento do orcamento Os gastos primarios nao chegam a  por cento A PEC nao vai resolver nada,0
Muita denuncia e pouca acao ,0
FARRA DO BOI  LOGO LOGO VAI TER MAIS UM PEDINDO ANISTIASABE QUEM E NE  FAZ ME RIR,0
Democracia feito a venezuela que os petebas queriam Que tal arrumar um emprego,0
Cade as algemas,0
hUAHUAHUAHUAHUAHUA E UMA PIADA MESMO ESSE PRESIDENTE ,0
Peco ajuda aos universitarios que me ajudem a interpretar o que o zozoi quis dizer,0
Entao vamos somar as assistencias para ver quem ganhaOs dois sao otimos mas Messi e melhor,0
No Nordeste acontece de tudo ,0
deveria haver uma lei obrigando todos politicos a usar so hospitais publicose que todos os hospitais particulares fosse proibidos de atendelos so assim eles olhava para a situacao da saude publica que esta uma VACALHACAO ,0
PARE COM ESSE VEXAME GENTE DEIXA ESTE CARA DE LADO,0
Corta na propria carne do povao enganado pelo sistema  es goto de televisao,0
Alvaro e isso   A nossa arma e o voto  O problema e que o povo na sua maioria nao tem instrucao Nao estudou a historia do Brasil,0
essa noticia nao interessa a globo,0
Deixa de ser ignorante Quem precisa de mudanca e o preso nao a vitima,0
Enquanto isso Seus Ministros fazem farra com dinheiro publico,0
Vai que Neymar faz um gol contra para agradar o Messy,0
VAI NO CEMINTERIO ESTA MAIS LOTADO CHEIO DE INOCENTES MORTOS PELAS MAOS DESSES VERMES,0
Que materia espetacular em Grs,0
Pipoca nada e um excelente zagueiro o  a  nao foi culpa dele,0
Putskkkkkde grande relevancia e importanciakkkkkkk,0
Todos ou voce duvidava dessa medida tao rapida do MPF,0
Da ate pena esse time so passa vergonha ,0
TEM QUE CONGELAR E O SALARIO DOS POLITICOS POIS  SAO NEFASTOS  PARA A NACAO,0
So com conviccao nao se prende ninguem ,0
CariacicaES ainda seria melhor Bota o jogo contra o santos e o coxa la,0
Usando o calculo diferencial e integral se voce tem  anos de contribuicao e comecou aos  anos hoje tem  anos pela reforma vai cair no pedagio de  ate  faltam  anos talvez voce trabalhe mais uns  anosse tivesse menos de  anos cairia na reforma completa,0
hahahahahahahahaa hahahahahaha E uma piada esse cara ,0
Acho que ta faltando provas,0
na moral e ser muito louco dizer que CR e melhor que Messi por favor velho,0
Presidio superlotado  F  o  D a  SE eu quero saber e da fila  nos hospitais creche e em busca de emprego,0
Relaxa Veremos daqui  rodadas Soberba,0
So vejo os comunistas contra a PEC o resto q vejo sao todos a favor,0
excelente jogador  sera titular ao lado do Jo,0
Banco cheio de problemas governador ,0
na  boa  davi luiz  deu muito certo coma  camisa  do chelsea no  psg  nao era  pra  ele,0
Felipe massa ja vai se aposentar O que sera dessa selecao ,0
Nunca vi tanta hipocrisia numa pessoa so Tentando cortar gastos com necessidades basicas da populacao e concedendo aumentos absurdos as classes que apoiaram o golpe Sabemos bem que carne ele esta cortando,0
Depois que recebeu o premio agrado da Globo ta se achando,0
Nao quer ficar em uma cela superlotada Nao roube Trabalhe honestamente garanto que isso nao vai ser problema,0
Engracado as fraudes  comeca  nonpoder de Brasilia ,0
Viva a lava jato que venha as delacoes politicos corruptos cana ,0
Talvez Luiz vc nao seja bom o bastante para tirar uma nota boa e fica de mimi eu entrei atraves do ENEM e to de boa estudando sem nenhuma conspiracao kk,0
Entrou pelo voto Saiu pelo voto Cade o golpe So se for na primeira afirmacao ne,0
